-- phpMyAdmin SQL Dump
-- version 5.1.1
-- https://www.phpmyadmin.net/
--
-- Хост: 127.0.0.1:3306
-- Время создания: Июл 19 2022 г., 11:52
-- Версия сервера: 5.7.33
-- Версия PHP: 7.1.33

SET SQL_MODE = "NO_AUTO_VALUE_ON_ZERO";
START TRANSACTION;
SET time_zone = "+00:00";


/*!40101 SET @OLD_CHARACTER_SET_CLIENT=@@CHARACTER_SET_CLIENT */;
/*!40101 SET @OLD_CHARACTER_SET_RESULTS=@@CHARACTER_SET_RESULTS */;
/*!40101 SET @OLD_COLLATION_CONNECTION=@@COLLATION_CONNECTION */;
/*!40101 SET NAMES utf8mb4 */;

--
-- База данных: `spa`
--

-- --------------------------------------------------------

--
-- Структура таблицы `grades`
--

CREATE TABLE `grades` (
  `lectionid` int(11) NOT NULL,
  `studentid` int(11) NOT NULL,
  `grade` int(11) NOT NULL
) ENGINE=InnoDB DEFAULT CHARSET=utf8mb4 COLLATE=utf8mb4_unicode_ci;

--
-- Дамп данных таблицы `grades`
--

INSERT INTO `grades` (`lectionid`, `studentid`, `grade`) VALUES
(1, 1, 11),
(1, 2, 10),
(1, 3, 9),
(1, 4, 8),
(1, 5, 7),
(1, 6, 9),
(1, 13, 7),
(8, 1, 2),
(8, 2, 2),
(8, 3, 2),
(8, 4, 2),
(8, 5, 2),
(8, 6, 2),
(8, 13, 2),
(2, 1, 3),
(2, 2, 4),
(2, 3, 2),
(2, 4, 2),
(2, 5, 6),
(2, 6, 8),
(2, 13, 2),
(3, 1, 5),
(3, 2, 5),
(3, 3, 5),
(3, 4, 5),
(3, 5, 6),
(3, 6, 5),
(3, 13, 5),
(11, 1, 6),
(11, 2, 5),
(30, 1, 2),
(30, 2, 3),
(30, 3, 4),
(30, 4, 5),
(30, 5, 6),
(30, 6, 7),
(30, 13, 8),
(29, 1, 9),
(29, 2, 10),
(29, 3, 11),
(29, 4, 2),
(29, 5, 3),
(29, 6, 4),
(29, 13, 5),
(28, 1, 6),
(28, 2, 7),
(28, 3, 8),
(28, 4, 9),
(28, 5, 10),
(28, 6, 11),
(24, 4, 1),
(4, 19, 2),
(85, 1, 1),
(85, 2, 2),
(85, 3, 3),
(85, 4, 4),
(85, 5, 5),
(85, 6, 6),
(85, 13, 7),
(70, 1, 8),
(70, 2, 9),
(70, 3, 10),
(70, 4, 11),
(108, 1, 2),
(108, 2, 3),
(108, 3, 4),
(108, 4, 5),
(108, 5, 6),
(108, 6, 7),
(108, 13, 8),
(109, 1, 6),
(109, 2, 5),
(109, 3, 5),
(109, 4, 5),
(109, 5, 5),
(109, 6, 5),
(109, 13, 5),
(101, 1, 2),
(53, 1, 2),
(49, 1, 2),
(101, 2, 3),
(53, 2, 3),
(49, 2, 3),
(101, 3, 4),
(53, 3, 4),
(49, 3, 4),
(49, 4, 2),
(103, 14, 2),
(82, 14, 8),
(48, 1, 2),
(71, 1, 1),
(101, 4, 2),
(104, 7, 2),
(71, 2, 3),
(101, 13, 2),
(53, 13, 2),
(49, 13, 2),
(48, 13, 2),
(54, 13, 1),
(55, 13, 1),
(56, 13, 1),
(71, 13, 1),
(56, 1, 1),
(90, 18, 10),
(86, 18, 6),
(84, 18, 10),
(83, 18, 10),
(81, 18, 6),
(86, 17, 5),
(86, 16, 5),
(86, 15, 5),
(86, 14, 5),
(86, 19, 5),
(86, 20, 5),
(86, 21, 5),
(86, 22, 5),
(86, 23, 5),
(81, 19, 5),
(81, 20, 5),
(81, 21, 5),
(81, 22, 5),
(81, 23, 5),
(90, 14, 7),
(90, 15, 8),
(90, 16, 7),
(90, 17, 8),
(90, 19, 8),
(90, 20, 9),
(90, 21, 7),
(90, 22, 8),
(90, 23, 9),
(84, 14, 8),
(84, 15, 9),
(84, 16, 7),
(84, 17, 8),
(84, 19, 8),
(84, 20, 7),
(84, 21, 8),
(84, 22, 8),
(84, 23, 8),
(83, 14, 8),
(83, 15, 8),
(83, 16, 7),
(83, 17, 8),
(83, 19, 8),
(83, 20, 9),
(83, 21, 7),
(83, 22, 7),
(83, 23, 8),
(81, 14, 5),
(81, 15, 5),
(81, 16, 5),
(81, 17, 5),
(118, 1, 9),
(119, 1, 11),
(119, 2, 10),
(119, 3, 9),
(119, 4, 8),
(119, 5, 7),
(119, 6, 6),
(119, 13, 5),
(102, 1, 2),
(102, 2, 4),
(82, 15, 7),
(82, 16, 8),
(82, 17, 8),
(82, 18, 11),
(82, 19, 9),
(82, 20, 8),
(82, 21, 8),
(82, 22, 7),
(82, 23, 8),
(103, 15, 2),
(103, 16, 2),
(103, 17, 2),
(103, 18, 4),
(103, 19, 2),
(103, 20, 2),
(103, 21, 2),
(103, 22, 2),
(103, 23, 2),
(48, 2, 3),
(48, 3, 4),
(53, 4, 2),
(48, 4, 2),
(48, 5, 4),
(49, 5, 4),
(53, 5, 4),
(101, 5, 4),
(101, 6, 3),
(53, 6, 3),
(49, 6, 3),
(48, 6, 3),
(149, 1, 7),
(149, 2, 7),
(149, 3, 8),
(149, 4, 8),
(149, 5, 9),
(149, 6, 9),
(149, 13, 10),
(54, 1, 1),
(136, 1, 11),
(136, 2, 10),
(136, 3, 9),
(136, 4, 8),
(136, 5, 7),
(136, 6, 2),
(136, 13, 4),
(102, 3, 11),
(102, 4, 9),
(151, 1, 2),
(151, 2, 2),
(151, 3, 2),
(151, 4, 2),
(151, 5, 2),
(151, 6, 2);

-- --------------------------------------------------------

--
-- Структура таблицы `groups`
--

CREATE TABLE `groups` (
  `id` int(11) NOT NULL,
  `name` varchar(10) COLLATE utf8mb4_unicode_ci NOT NULL
) ENGINE=InnoDB DEFAULT CHARSET=utf8mb4 COLLATE=utf8mb4_unicode_ci;

--
-- Дамп данных таблицы `groups`
--

INSERT INTO `groups` (`id`, `name`) VALUES
(1, 'ИС-11'),
(2, 'ИС-12'),
(3, 'ИС-21'),
(4, 'ИС-22'),
(5, 'ИС-31'),
(6, 'ИС-32'),
(7, 'ИС-41'),
(8, 'ИС-42');

-- --------------------------------------------------------

--
-- Структура таблицы `lections`
--

CREATE TABLE `lections` (
  `id` int(11) NOT NULL,
  `name` varchar(100) COLLATE utf8mb4_unicode_ci NOT NULL,
  `shortname` varchar(30) COLLATE utf8mb4_unicode_ci NOT NULL
) ENGINE=InnoDB DEFAULT CHARSET=utf8mb4 COLLATE=utf8mb4_unicode_ci;

--
-- Дамп данных таблицы `lections`
--

INSERT INTO `lections` (`id`, `name`, `shortname`) VALUES
(7, 'Элементы математической логики', 'ЭМЛ'),
(8, 'Теория вероятности и математическая статистика', 'ТВиМС'),
(9, 'Основы алгоритмизации и программирования', 'ОАиП'),
(10, 'Архитектура ЭВМ', 'Арх. ЭВМ'),
(11, 'Компьютерные сети', 'КС'),
(12, 'Разработка информационных систем', 'РИС'),
(13, 'Веб-программирование', 'Веб прог.'),
(14, 'Веб-интерфейс', 'Веб инт.');

-- --------------------------------------------------------

--
-- Структура таблицы `notes`
--

CREATE TABLE `notes` (
  `id` int(11) NOT NULL,
  `studentid` int(11) NOT NULL,
  `date` date NOT NULL,
  `note` varchar(200) COLLATE utf8mb4_unicode_ci NOT NULL
) ENGINE=InnoDB DEFAULT CHARSET=utf8mb4 COLLATE=utf8mb4_unicode_ci;

--
-- Дамп данных таблицы `notes`
--

INSERT INTO `notes` (`id`, `studentid`, `date`, `note`) VALUES
(1, 1, '2022-06-08', 'Объяснить закон Бернулли в применении к идеальной жидкости'),
(10, 5, '2022-06-20', 'Оригинальное напоминание'),
(11, 1, '2022-06-20', 'Сдать долги'),
(14, 18, '2022-07-18', 'Круглый двоечник');

-- --------------------------------------------------------

--
-- Структура таблицы `relations`
--

CREATE TABLE `relations` (
  `id` int(11) NOT NULL,
  `userid` int(11) NOT NULL,
  `groupid` int(11) NOT NULL
) ENGINE=InnoDB DEFAULT CHARSET=utf8mb4 COLLATE=utf8mb4_unicode_ci;

--
-- Дамп данных таблицы `relations`
--

INSERT INTO `relations` (`id`, `userid`, `groupid`) VALUES
(1, 1, 1),
(2, 1, 3),
(3, 1, 5),
(4, 1, 7),
(5, 2, 2),
(6, 2, 4),
(7, 2, 6),
(8, 2, 8),
(9, 3, 1),
(10, 3, 2),
(11, 3, 3),
(12, 3, 4),
(13, 3, 5),
(14, 3, 6),
(15, 3, 7),
(16, 3, 8);

-- --------------------------------------------------------

--
-- Структура таблицы `repeats`
--

CREATE TABLE `repeats` (
  `id` int(11) NOT NULL,
  `groupid` int(11) NOT NULL,
  `lection` int(11) NOT NULL,
  `aud` varchar(10) COLLATE utf8mb4_unicode_ci NOT NULL,
  `time` time NOT NULL,
  `date` date NOT NULL,
  `note` varchar(200) COLLATE utf8mb4_unicode_ci NOT NULL,
  `repeating` int(11) NOT NULL,
  `teacherid` int(11) NOT NULL
) ENGINE=InnoDB DEFAULT CHARSET=utf8mb4 COLLATE=utf8mb4_unicode_ci;

--
-- Дамп данных таблицы `repeats`
--

INSERT INTO `repeats` (`id`, `groupid`, `lection`, `aud`, `time`, `date`, `note`, `repeating`, `teacherid`) VALUES
(1, 1, 7, '313', '09:00:00', '2022-06-16', '', 7, 1),
(3, 3, 7, '34д', '12:30:00', '2022-06-23', '', 7, 1),
(6, 1, 7, '313', '09:00:00', '2022-06-29', '', 7, 3),
(14, 1, 7, '313', '10:40:00', '2022-06-16', '', 14, 3),
(15, 1, 7, '313', '09:00:00', '2022-07-06', '', 0, 1),
(16, 3, 9, '34д', '14:00:00', '2022-07-18', '', 14, 3),
(20, 1, 7, '313', '09:00:00', '2022-07-19', '', 14, 1);

-- --------------------------------------------------------

--
-- Структура таблицы `students`
--

CREATE TABLE `students` (
  `id` int(11) NOT NULL,
  `groupid` int(11) NOT NULL,
  `firstname` varchar(50) COLLATE utf8mb4_unicode_ci NOT NULL,
  `lastname` varchar(50) COLLATE utf8mb4_unicode_ci NOT NULL
) ENGINE=InnoDB DEFAULT CHARSET=utf8mb4 COLLATE=utf8mb4_unicode_ci;

--
-- Дамп данных таблицы `students`
--

INSERT INTO `students` (`id`, `groupid`, `firstname`, `lastname`) VALUES
(1, 1, 'Иван', 'Иванович'),
(2, 1, 'Пётр', 'Петрович'),
(3, 1, 'Валентина', 'Минаева'),
(4, 1, 'Никита', 'Михеев'),
(5, 1, 'Дарья', 'Киселева'),
(6, 1, 'Вера', 'Фомина'),
(7, 2, 'Александр', 'Волков'),
(8, 2, 'Тимур', 'Попов'),
(9, 2, 'София', 'Грачёва'),
(10, 2, 'Анна', 'Зиновьева'),
(11, 2, 'Вероника', 'Галкина'),
(12, 2, 'Милана', 'Мельникова'),
(13, 1, 'Григорий', 'Павлов'),
(14, 3, 'София', 'Белова'),
(15, 3, 'Артемий', 'Савельев'),
(16, 3, 'Иван', 'Трошин'),
(17, 3, 'Никита', 'Никитин'),
(18, 3, 'Максим', 'Ляшенко'),
(19, 3, 'Тимофей', 'Давыдов'),
(20, 3, 'Дарья', 'Виноградова'),
(21, 3, 'Александр', 'Бессонов'),
(22, 3, 'Милана', 'Журавлёва'),
(23, 3, 'Варвара', 'Елисеева');

-- --------------------------------------------------------

--
-- Структура таблицы `timetable`
--

CREATE TABLE `timetable` (
  `id` int(11) NOT NULL,
  `group` varchar(10) COLLATE utf8mb4_unicode_ci NOT NULL,
  `date` date NOT NULL,
  `lection` int(11) NOT NULL,
  `aud` varchar(10) COLLATE utf8mb4_unicode_ci NOT NULL,
  `note` varchar(200) COLLATE utf8mb4_unicode_ci NOT NULL,
  `time` time NOT NULL,
  `repeat` int(11) NOT NULL,
  `repeatid` int(11) NOT NULL,
  `teacherid` int(11) NOT NULL
) ENGINE=InnoDB DEFAULT CHARSET=utf8mb4 COLLATE=utf8mb4_unicode_ci;

--
-- Дамп данных таблицы `timetable`
--

INSERT INTO `timetable` (`id`, `group`, `date`, `lection`, `aud`, `note`, `time`, `repeat`, `repeatid`, `teacherid`) VALUES
(1, '1', '2022-06-23', 7, '313', '', '09:00:00', 7, 1, 1),
(48, '1', '2022-06-28', 7, '313', '', '09:00:00', 0, 0, 3),
(49, '1', '2022-06-28', 7, '313', '', '10:40:00', 0, 0, 3),
(50, '2', '2022-06-28', 8, '314', '', '12:30:00', 0, 0, 3),
(51, '2', '2022-06-28', 8, '314', '', '14:00:00', 0, 0, 3),
(53, '1', '2022-06-29', 7, '313', '', '09:00:00', 7, 6, 3),
(54, '1', '2022-06-27', 7, '313', '', '09:00:00', 0, 0, 3),
(55, '1', '2022-06-25', 7, '313', '', '09:00:00', 0, 0, 3),
(56, '1', '2022-06-24', 7, '313', '', '09:00:00', 0, 0, 3),
(57, '1', '2022-06-22', 7, '313', '', '09:00:00', 0, 0, 3),
(58, '1', '2022-06-21', 7, '313', '', '09:00:00', 0, 0, 3),
(59, '1', '2022-06-20', 7, '313', '', '09:00:00', 0, 0, 3),
(60, '1', '2022-06-18', 7, '313', '', '09:00:00', 0, 0, 3),
(61, '1', '2022-06-17', 7, '313', '', '09:00:00', 0, 0, 3),
(62, '1', '2022-06-16', 7, '313', '', '09:00:00', 0, 0, 3),
(63, '1', '2022-06-15', 7, '313', '', '09:00:00', 0, 0, 3),
(64, '1', '2022-06-14', 7, '313', '', '09:00:00', 0, 0, 3),
(65, '1', '2022-06-13', 7, '313', '', '09:00:00', 0, 0, 3),
(66, '1', '2022-05-31', 7, '313', '', '09:00:00', 0, 0, 3),
(67, '1', '2022-05-30', 7, '313', '', '09:00:00', 0, 0, 3),
(68, '1', '2022-05-28', 7, '313', '', '09:00:00', 0, 0, 3),
(69, '1', '2022-05-27', 7, '313', '', '09:00:00', 0, 0, 3),
(70, '1', '2022-05-26', 7, '313', '', '09:00:00', 0, 0, 3),
(81, '3', '2022-06-01', 7, '313', '', '09:00:00', 0, 0, 3),
(82, '3', '2022-06-30', 7, '34д', '', '12:30:00', 7, 3, 1),
(83, '3', '2022-05-02', 7, '313', '', '09:00:00', 0, 0, 3),
(84, '3', '2022-04-01', 7, '313', '', '09:00:00', 0, 0, 3),
(85, '1', '2022-03-01', 7, '313', '', '09:00:00', 0, 0, 3),
(86, '3', '2022-02-01', 7, '313', '', '09:00:00', 0, 0, 3),
(90, '3', '2022-01-01', 7, '313', '', '09:00:00', 0, 0, 3),
(101, '1', '2022-06-29', 7, '313', '', '10:40:00', 0, 0, 3),
(102, '1', '2022-07-07', 7, '313', '', '09:00:00', 7, 1, 1),
(103, '3', '2022-07-07', 7, '34д', '', '12:30:00', 7, 3, 1),
(104, '2', '2022-06-30', 7, '313', '', '09:00:00', 0, 0, 3),
(105, '2', '2022-06-30', 7, '313', '', '10:40:00', 0, 0, 3),
(106, '2', '2022-06-30', 8, '314', '', '12:30:00', 0, 0, 3),
(107, '2', '2022-07-01', 7, '313', '', '09:00:00', 0, 0, 3),
(108, '1', '2022-06-30', 8, '314', '', '14:00:00', 0, 0, 3),
(109, '1', '2022-07-01', 7, '313', '', '10:40:00', 0, 0, 3),
(115, '3', '2022-07-04', 8, '314', '', '10:40:00', 0, 0, 1),
(116, '5', '2022-07-04', 9, '313', '', '12:30:00', 0, 0, 1),
(117, '7', '2022-07-04', 10, '34д', '', '14:00:00', 0, 0, 1),
(121, '3', '2022-07-05', 8, '314', '', '10:40:00', 0, 0, 1),
(122, '5', '2022-07-05', 9, '34д', '', '12:30:00', 0, 0, 1),
(123, '7', '2022-07-05', 10, '315', '', '14:00:00', 0, 0, 1),
(126, '3', '2022-07-04', 8, '313', '', '09:00:00', 0, 0, 3),
(127, '4', '2022-07-04', 11, '313', '', '10:40:00', 0, 0, 3),
(128, '6', '2022-07-04', 12, '313', '', '12:30:00', 0, 0, 3),
(129, '8', '2022-07-04', 7, '313', '', '14:00:00', 0, 0, 3),
(131, '4', '2022-07-05', 8, '314', '', '10:40:00', 0, 0, 3),
(132, '6', '2022-07-05', 7, '34д', '', '12:30:00', 0, 0, 3),
(133, '8', '2022-07-05', 14, '315', '', '14:00:00', 0, 0, 3),
(134, '1', '2022-07-12', 7, '313', '', '09:00:00', 7, 15, 1),
(136, '1', '2022-07-06', 8, '313', '', '09:00:00', 0, 0, 3),
(140, '1', '2022-07-05', 14, '313', '', '09:00:00', 0, 0, 3),
(142, '2', '2022-07-06', 7, '314', '', '10:40:00', 0, 0, 3),
(143, '1', '2022-07-07', 7, '313', '', '10:40:00', 0, 0, 1),
(144, '5', '2022-07-05', 12, '313', '', '09:00:00', 0, 0, 1),
(146, '1', '2022-07-21', 7, '313', '', '09:00:00', 7, 1, 1),
(147, '3', '2022-07-14', 7, '34д', '', '12:30:00', 7, 3, 1),
(148, '3', '2022-07-21', 7, '34д', '', '12:30:00', 7, 3, 1),
(149, '1', '2022-07-13', 7, '313', '', '09:00:00', 7, 6, 3),
(150, '1', '2022-07-20', 7, '313', '', '09:00:00', 7, 6, 3),
(151, '1', '2022-07-14', 7, '313', '', '10:40:00', 14, 14, 3),
(152, '3', '2022-07-14', 8, '313', '', '10:40:00', 0, 0, 1),
(153, '3', '2022-07-14', 10, '314', '', '14:00:00', 0, 0, 1),
(154, '7', '2022-07-15', 7, '313', '', '09:00:00', 0, 0, 1),
(155, '3', '2022-07-15', 9, '313', '', '10:40:00', 0, 0, 1),
(156, '5', '2022-07-15', 9, '313', '', '12:30:00', 0, 0, 1),
(157, '7', '2022-07-15', 9, '34д', '', '14:00:00', 0, 0, 1),
(161, '3', '2022-07-14', 7, '313', '', '09:00:00', 0, 0, 1),
(162, '1', '2022-07-14', 9, '313', '', '09:00:00', 0, 0, 3),
(163, '2', '2022-07-14', 9, '314', '', '12:30:00', 0, 0, 3),
(164, '1', '2022-07-14', 10, '313', '', '14:00:00', 0, 0, 3),
(166, '1', '2022-07-15', 11, '313', '', '10:40:00', 0, 0, 3),
(167, '2', '2022-07-15', 11, '314', '', '12:30:00', 0, 0, 3),
(168, '3', '2022-07-15', 11, '313', '', '14:00:00', 0, 0, 3),
(169, '1', '2022-07-16', 7, '313', '', '09:00:00', 0, 0, 3),
(170, '3', '2022-07-16', 12, '313', '', '09:00:00', 0, 0, 1),
(171, '1', '2022-07-16', 12, '313', '', '10:40:00', 0, 0, 1),
(172, '5', '2022-07-16', 12, '313', '', '12:30:00', 0, 0, 1),
(174, '7', '2022-07-16', 12, '313', '', '14:00:00', 0, 0, 1),
(176, '2', '2022-07-16', 13, '314', '', '10:40:00', 0, 0, 3),
(177, '3', '2022-07-16', 13, '314', '', '12:30:00', 0, 0, 3),
(178, '1', '2022-07-18', 7, '313', '', '09:00:00', 0, 0, 3),
(179, '2', '2022-07-18', 8, '313', '', '10:40:00', 0, 0, 3),
(182, '4', '2022-07-18', 10, '314', 'Контрольная работа', '12:30:00', 0, 0, 3),
(186, '3', '2022-07-18', 9, '34д', '', '14:00:00', 14, 16, 3),
(187, '1', '2022-07-20', 7, '34д', '', '10:40:00', 0, 0, 3),
(188, '1', '2022-07-19', 14, '313', '', '10:40:00', 0, 0, 1),
(189, '3', '2022-07-19', 13, '313', '', '12:30:00', 0, 0, 1),
(198, '1', '2022-07-19', 8, '313', '', '14:00:00', 0, 0, 1),
(201, '1', '2022-07-20', 10, '314', '', '14:00:00', 0, 0, 1),
(202, '3', '2022-07-20', 11, '313', '', '12:30:00', 0, 0, 1),
(203, '3', '2022-07-20', 11, '313', '', '10:40:00', 0, 0, 1),
(207, '1', '2022-07-19', 7, '313', '', '09:00:00', 14, 20, 1);

-- --------------------------------------------------------

--
-- Структура таблицы `users`
--

CREATE TABLE `users` (
  `id` int(11) NOT NULL,
  `email` varchar(50) COLLATE utf8mb4_unicode_ci NOT NULL,
  `pass` varchar(50) COLLATE utf8mb4_unicode_ci NOT NULL,
  `firstname` varchar(50) COLLATE utf8mb4_unicode_ci NOT NULL,
  `lastname` varchar(50) COLLATE utf8mb4_unicode_ci NOT NULL
) ENGINE=InnoDB DEFAULT CHARSET=utf8mb4 COLLATE=utf8mb4_unicode_ci;

--
-- Дамп данных таблицы `users`
--

INSERT INTO `users` (`id`, `email`, `pass`, `firstname`, `lastname`) VALUES
(1, 'ivan@mail.ru', 'ivan123', 'Иван', 'Иванович'),
(2, 'pyotr@mail.ru', 'pyotr321', 'Пётр', 'Петрович'),
(3, 'alexandr@mail.ru', 'alex111', 'Александр', 'Александрович');

--
-- Индексы сохранённых таблиц
--

--
-- Индексы таблицы `groups`
--
ALTER TABLE `groups`
  ADD PRIMARY KEY (`id`);

--
-- Индексы таблицы `lections`
--
ALTER TABLE `lections`
  ADD PRIMARY KEY (`id`);

--
-- Индексы таблицы `notes`
--
ALTER TABLE `notes`
  ADD PRIMARY KEY (`id`);

--
-- Индексы таблицы `relations`
--
ALTER TABLE `relations`
  ADD PRIMARY KEY (`id`);

--
-- Индексы таблицы `repeats`
--
ALTER TABLE `repeats`
  ADD PRIMARY KEY (`id`);

--
-- Индексы таблицы `students`
--
ALTER TABLE `students`
  ADD PRIMARY KEY (`id`);

--
-- Индексы таблицы `timetable`
--
ALTER TABLE `timetable`
  ADD PRIMARY KEY (`id`);

--
-- Индексы таблицы `users`
--
ALTER TABLE `users`
  ADD PRIMARY KEY (`id`);

--
-- AUTO_INCREMENT для сохранённых таблиц
--

--
-- AUTO_INCREMENT для таблицы `groups`
--
ALTER TABLE `groups`
  MODIFY `id` int(11) NOT NULL AUTO_INCREMENT, AUTO_INCREMENT=9;

--
-- AUTO_INCREMENT для таблицы `lections`
--
ALTER TABLE `lections`
  MODIFY `id` int(11) NOT NULL AUTO_INCREMENT, AUTO_INCREMENT=15;

--
-- AUTO_INCREMENT для таблицы `notes`
--
ALTER TABLE `notes`
  MODIFY `id` int(11) NOT NULL AUTO_INCREMENT, AUTO_INCREMENT=17;

--
-- AUTO_INCREMENT для таблицы `relations`
--
ALTER TABLE `relations`
  MODIFY `id` int(11) NOT NULL AUTO_INCREMENT, AUTO_INCREMENT=17;

--
-- AUTO_INCREMENT для таблицы `repeats`
--
ALTER TABLE `repeats`
  MODIFY `id` int(11) NOT NULL AUTO_INCREMENT, AUTO_INCREMENT=21;

--
-- AUTO_INCREMENT для таблицы `students`
--
ALTER TABLE `students`
  MODIFY `id` int(11) NOT NULL AUTO_INCREMENT, AUTO_INCREMENT=24;

--
-- AUTO_INCREMENT для таблицы `timetable`
--
ALTER TABLE `timetable`
  MODIFY `id` int(11) NOT NULL AUTO_INCREMENT, AUTO_INCREMENT=208;

--
-- AUTO_INCREMENT для таблицы `users`
--
ALTER TABLE `users`
  MODIFY `id` int(11) NOT NULL AUTO_INCREMENT, AUTO_INCREMENT=4;
COMMIT;

/*!40101 SET CHARACTER_SET_CLIENT=@OLD_CHARACTER_SET_CLIENT */;
/*!40101 SET CHARACTER_SET_RESULTS=@OLD_CHARACTER_SET_RESULTS */;
/*!40101 SET COLLATION_CONNECTION=@OLD_COLLATION_CONNECTION */;
